投稿日,時刻,場,R,モード,締切,買い目,結果(3連単),的中,配当(円),倍率
2026-09-17,12:53,多摩川,8,中穴,14:02,1-2-3 / 1-2-5 / 1-3-2 / 1-3-5 / 2-1-3 / 2-1-5 / 2-3-1 / 2-3-5,4-6-1,×,6610,
2026-09-17,16:29,下関,6,堅い,17:48,1-2-3 / 1-2-4 / 1-3-2 / 1-3-4 / 2-1-3 / 2-1-4,1-2-5,×,1820,
2026-09-17,17:57,大村,6,堅い,19:56,1-2-4 / 1-2-6 / 1-4-2 / 1-4-6 / 4-1-2 / 4-1-6,4-1-5,×,2530,
2026-09-17,18:47,下関,12,堅い,20:45,1-2-3 / 1-2-4 / 1-3-2 / 1-3-4 / 2-1-3 / 2-1-4 / 3-1-2 / 3-1-4,1-2-3,的中,580,5.8
2026-09-18,10:14,多摩川,4,中穴,11:57,1-2-3 / 1-2-5 / 1-3-2 / 1-3-5 / 3-1-2 / 3-1-5 / 3-2-1 / 3-2-5,5-2-6,×,38200,
2026-09-18,11:36,びわこ,7,堅い,13:17,1-2-3 / 1-2-5 / 1-3-2 / 1-3-5 / 2-1-3 / 2-1-5 / 3-1-2 / 3-1-5,1-2-4,×,1200,
2026-09-18,12:53,宮島,7,堅い,13:40,1-2-3 / 1-2-5 / 1-5-2 / 1-5-3 / 2-1-3 / 2-1-5 / 5-1-2 / 5-1-3,1-5-2,的中,610,6.1
2026-09-18,14:54,尼崎,11,堅い,15:41,1-2-3 / 1-2-5 / 1-3-2 / 1-3-5 / 2-1-3 / 2-1-5 / 3-1-2 / 3-1-5,1-2-3,的中,370,3.7
2026-09-18,16:29,大村,1,堅い,17:41,1-4-2 / 1-4-6 / 1-6-2 / 1-6-4 / 4-1-2 / 4-1-6 / 6-1-2 / 6-1-4,1-4-6,的中,560,5.6
2026-09-18,17:32,丸亀,8,堅い,18:41,1-2-3 / 1-2-4 / 1-4-2 / 1-4-3 / 2-1-3 / 2-1-4 / 4-1-2 / 4-1-3,1-2-4,的中,460,4.6
2026-09-18,18:47,丸亀,12,堅い,20:38,1-2-3 / 1-2-4 / 1-3-2 / 1-3-4 / 2-1-3 / 2-1-4 / 3-1-2 / 3-1-4,1-4-6,×,4780,
2026-09-19,10:14,平和島,3,中穴,11:52,1-2-3 / 1-2-4 / 1-3-2 / 1-3-4 / 2-1-3 / 2-1-4 / 2-3-1 / 2-3-4,1-3-2,的中,880,8.8
2026-09-19,11:36,浜名湖,4,堅い,12:55,1-2-3 / 1-2-5 / 1-3-2 / 1-3-5 / 2-1-3 / 2-1-5 / 3-1-2 / 3-1-5,4-1-5,×,8470,
2026-09-19,12:53,戸田,7,堅い,13:45,1-2-3 / 1-2-4 / 1-4-2 / 1-4-3 / 2-1-3 / 2-1-4 / 4-1-2 / 4-1-3,1-4-3,的中,1640,16.4
2026-09-19,14:51,戸田,12,堅い,16:35,1-2-3 / 1-2-4 / 1-3-2 / 1-3-4 / 2-1-3 / 2-1-4 / 3-1-2 / 3-1-4,1-4-6,×,2430,
2026-09-19,16:29,大村,2,堅い,18:08,1-2-3 / 1-2-4 / 1-3-2 / 1-3-4 / 2-1-3 / 2-1-4 / 3-1-2 / 3-1-4,1-2-3,的中,820,8.2
2026-09-19,17:20,大村,1,堅い,17:41,1-2-3 / 1-2-4 / 1-4-2 / 1-4-3 / 2-1-3 / 2-1-4 / 4-1-2 / 4-1-3,1-2-4,的中,660,6.6
2026-09-19,18:47,丸亀,12,堅い,20:45,1-2-4 / 1-2-5 / 1-4-2 / 1-4-5 / 2-1-4 / 2-1-5 / 4-1-2 / 4-1-5,1-4-6,×,2640,
2026-09-20,10:14,戸田,2,中穴,11:16,1-3-2 / 1-3-5 / 1-5-2 / 1-5-3 / 3-1-2 / 3-1-5 / 3-5-1 / 3-5-2,1-3-2,的中,1150,11.5
2026-09-20,11:36,三国,11,堅い,13:33,1-2-3 / 1-2-4 / 1-3-2 / 1-3-4 / 2-1-3 / 2-1-4 / 3-1-2 / 3-1-4,1-4-3,×,1620,
2026-09-20,12:53,戸田,7,堅い,13:45,1-3-2 / 1-3-5 / 1-5-2 / 1-5-3 / 3-1-2 / 3-1-5 / 5-1-2 / 5-1-3,1-5-2,的中,1940,19.4
2026-09-20,15:05,戸田,12,堅い,16:35,1-2-3 / 1-2-4 / 1-3-2 / 1-3-4 / 2-1-3 / 2-1-4 / 3-1-2 / 3-1-4,1-6-2,×,12250,
2026-09-20,15:57,浜名湖,11,堅い,16:27,1-2-4 / 1-2-6 / 1-4-2 / 1-4-6 / 2-1-4 / 2-1-6 / 4-1-2 / 4-1-6,1-4-3,×,2870,
2026-09-20,16:54,丸亀,6,堅い,17:34,1-2-3 / 1-2-4 / 1-4-2 / 1-4-3 / 2-1-3 / 2-1-4 / 4-1-2 / 4-1-3,3-5-6,×,97960,
2026-09-20,17:52,桐生,8,堅い,18:48,1-2-3 / 1-2-5 / 1-5-2 / 1-5-3 / 2-1-3 / 2-1-5 / 5-1-2 / 5-1-3,4-5-1,×,11130,
2026-09-20,18:47,丸亀,11,堅い,20:10,1-2-3 / 1-2-5 / 1-5-2 / 1-5-3 / 2-1-3 / 2-1-5 / 5-1-2 / 5-1-3,1-2-4,×,340,
2026-09-21,10:14,津,4,中穴,12:02,1-2-4 / 1-2-5 / 1-4-2 / 1-4-5 / 4-1-2 / 4-1-5 / 4-2-1 / 4-2-5,4-2-1,的中,2560,25.6
2026-09-21,11:36,尼崎,7,堅い,13:26,1-2-3 / 1-2-6 / 1-6-2 / 1-6-3 / 2-1-3 / 2-1-6 / 6-1-2 / 6-1-3,1-2-3,的中,480,4.8
2026-09-21,12:53,戸田,8,堅い,14:16,1-2-3 / 1-2-6 / 1-3-2 / 1-3-6 / 2-1-3 / 2-1-6 / 3-1-2 / 3-1-6,,,,
2026-09-21,15:05,児島,11,堅い,16:12,1-3-4 / 1-3-5 / 1-4-3 / 1-4-5 / 3-1-4 / 3-1-5 / 4-1-3 / 4-1-5,5-4-6,×,38660,
2026-09-21,16:07,宮島,12,堅い,16:45,1-2-3 / 1-2-4 / 1-2-5 / 1-3-2 / 1-3-4 / 1-3-5 / 1-5-2 / 1-5-3 / 1-5-4,1-3-2,的中,680,6.8
2026-09-21,17:10,丸亀,8,堅い,18:33,1-4-2 / 1-4-5 / 1-4-6 / 1-5-2 / 1-5-4 / 1-5-6 / 1-6-2 / 1-6-4 / 1-6-5,1-3-4,×,800,
2026-09-21,18:21,桐生,9,堅い,19:14,1-2-3 / 1-2-4 / 1-2-6 / 1-3-2 / 1-3-4 / 1-3-6 / 1-4-2 / 1-4-3 / 1-4-6,3-1-2,×,3230,
2026-09-22,10:14,津,4,中穴,11:57,1-2-3 / 1-2-4 / 1-3-2 / 1-3-4 / 2-1-3 / 2-1-4 / 2-3-1 / 2-3-4,,,,
2026-09-22,11:36,浜名湖,4,堅い,12:47,1-2-3 / 1-2-4 / 1-2-5 / 1-3-2 / 1-3-4 / 1-3-5 / 1-4-2 / 1-4-3 / 1-4-5,1-3-2,的中,810,8.1
2026-09-22,12:53,三国,12,堅い,14:11,1-2-3 / 1-2-4 / 1-2-5 / 1-3-2 / 1-3-4 / 1-3-5 / 1-4-2 / 1-4-3 / 1-4-5,1-2-6,×,5080,
2026-09-22,15:05,戸田,11,堅い,15:55,1-2-3 / 1-2-4 / 1-2-5 / 1-3-2 / 1-3-4 / 1-3-5 / 1-4-2 / 1-4-3 / 1-4-5,5-2-4,×,69740,
2026-09-22,16:29,住之江,7,堅い,18:04,1-2-3 / 1-2-4 / 1-2-6 / 1-3-2 / 1-3-4 / 1-3-6 / 1-6-2 / 1-6-3 / 1-6-4,1-2-6,的中,860,8.6
2026-09-22,17:23,桐生,7,堅い,18:14,1-2-3 / 1-2-4 / 1-2-5 / 1-3-2 / 1-3-4 / 1-3-5 / 1-5-2 / 1-5-3 / 1-5-4,3-5-1,×,3670,
2026-09-22,18:19,住之江,10,堅い,19:33,1-2-3 / 1-2-4 / 1-2-5 / 1-3-2 / 1-3-4 / 1-3-5 / 1-4-2 / 1-4-3 / 1-4-5,1-2-4,的中,980,9.8
2026-09-23,10:14,津,4,中穴,11:57,1-2-3 / 1-2-4 / 1-3-2 / 1-3-4 / 2-1-3 / 2-1-4 / 2-3-1 / 2-3-4,5-2-4,×,43400,
2026-09-23,11:36,びわこ,5,堅い,12:23,1-2-3 / 1-2-4 / 1-2-6 / 1-3-2 / 1-3-4 / 1-3-6 / 1-4-2 / 1-4-3 / 1-4-6,1-2-5,×,2620,
2026-09-23,12:53,三国,12,堅い,14:11,1-2-3 / 1-2-5 / 1-2-6 / 1-3-2 / 1-3-5 / 1-3-6 / 1-5-2 / 1-5-3 / 1-5-6,1-5-2,的中,2170,21.7
2026-09-23,14:57,びわこ,11,堅い,15:38,1-2-3 / 1-2-4 / 1-2-6 / 1-3-2 / 1-3-4 / 1-3-6 / 1-6-2 / 1-6-3 / 1-6-4,1-2-3,的中,990,9.9
2026-09-23,16:29,桐生,6,堅い,17:44,1-2-3 / 1-2-4 / 1-2-5 / 1-3-2 / 1-3-4 / 1-3-5 / 1-5-2 / 1-5-3 / 1-5-4,3-5-1,×,5600,
2026-09-23,17:25,桐生,8,堅い,18:45,1-2-3 / 1-2-4 / 1-2-5 / 1-3-2 / 1-3-4 / 1-3-5 / 1-4-2 / 1-4-3 / 1-4-5,1-5-4,×,1400,
2026-09-23,18:20,桐生,9,堅い,19:14,1-2-3 / 1-2-4 / 1-2-6 / 1-3-2 / 1-3-4 / 1-3-6 / 1-4-2 / 1-4-3 / 1-4-6,1-3-2,的中,4100,41.0
2026-09-24,10:14,津,3,中穴,11:28,1-2-3 / 1-2-4 / 1-3-2 / 1-3-4 / 3-1-2 / 3-1-4 / 3-2-1 / 3-2-4,3-1-5,×,3220,
2026-09-24,11:36,尼崎,6,堅い,12:51,1-2-3 / 1-2-4 / 1-2-6 / 1-3-2 / 1-3-4 / 1-3-6 / 1-4-2 / 1-4-3 / 1-4-6,1-2-4,的中,680,6.8
2026-09-24,12:53,尼崎,8,堅い,13:58,1-2-3 / 1-2-4 / 1-2-6 / 1-3-2 / 1-3-4 / 1-3-6 / 1-4-2 / 1-4-3 / 1-4-6,1-2-4,的中,570,5.7
2026-09-24,15:05,津,12,堅い,16:20,1-2-3 / 1-2-4 / 1-2-5 / 1-3-2 / 1-3-4 / 1-3-5 / 1-4-2 / 1-4-3 / 1-4-5,1-4-3,的中,1220,12.2
2026-09-24,16:29,下関,5,堅い,17:03,1-2-3 / 1-2-4 / 1-2-6 / 1-3-2 / 1-3-4 / 1-3-6 / 1-4-2 / 1-4-3 / 1-4-6,2-3-1,×,36990,
2026-09-24,17:17,若松,7,堅い,17:53,1-2-3 / 1-2-4 / 1-2-5 / 1-4-2 / 1-4-3 / 1-4-5 / 1-5-2 / 1-5-3 / 1-5-4,5-4-1,×,4980,
2026-09-24,18:20,若松,10,堅い,19:28,1-2-3 / 1-2-4 / 1-2-5 / 1-3-2 / 1-3-4 / 1-3-5 / 1-4-2 / 1-4-3 / 1-4-5,3-1-2,×,6430,
2026-09-25,10:14,徳山,8,中穴,12:03,1-3-4 / 1-3-6 / 1-4-3 / 1-4-6 / 3-1-4 / 3-1-6 / 3-4-1 / 3-4-6,1-4-3,的中,1280,12.8
2026-09-25,11:36,徳山,9,堅い,12:36,1-2-3 / 1-2-4 / 1-2-5 / 1-3-2 / 1-3-4 / 1-3-5 / 1-4-2 / 1-4-3 / 1-4-5,5-4-1,×,21070,
2026-09-25,12:53,芦屋,12,堅い,14:27,1-2-3 / 1-2-4 / 1-2-5 / 1-4-2 / 1-4-3 / 1-4-5 / 1-5-2 / 1-5-3 / 1-5-4,4-5-2,×,17080,
2026-09-25,15:05,常滑,12,堅い,16:03,1-2-3 / 1-2-4 / 1-2-5 / 1-4-2 / 1-4-3 / 1-4-5 / 1-5-2 / 1-5-3 / 1-5-4,1-4-3,的中,4350,43.5
2026-09-25,16:29,若松,6,堅い,17:23,1-2-4 / 1-2-5 / 1-2-6 / 1-4-2 / 1-4-5 / 1-4-6 / 1-5-2 / 1-5-4 / 1-5-6,1-4-6,的中,1590,15.9
2026-09-25,17:40,若松,9,堅い,18:54,1-2-3 / 1-2-4 / 1-2-6 / 1-3-2 / 1-3-4 / 1-3-6 / 1-4-2 / 1-4-3 / 1-4-6,1-3-4,的中,1330,13.3
2026-09-25,18:38,若松,11,堅い,20:02,1-2-3 / 1-2-4 / 1-2-5 / 1-3-2 / 1-3-4 / 1-3-5 / 1-4-2 / 1-4-3 / 1-4-5,1-4-3,的中,1140,11.4
2026-09-26,10:14,戸田,3,中穴,11:45,1-2-3 / 1-2-4 / 1-4-2 / 1-4-3 / 2-1-3 / 2-1-4 / 2-4-1 / 2-4-3,1-5-6,×,19280,
2026-09-26,11:36,びわこ,5,堅い,12:19,1-2-3 / 1-2-4 / 1-2-5 / 1-3-2 / 1-3-4 / 1-3-5 / 1-4-2 / 1-4-3 / 1-4-5,1-2-5,的中,6440,64.4
2026-09-26,12:53,芦屋,12,堅い,14:27,1-3-4 / 1-3-5 / 1-3-6 / 1-4-3 / 1-4-5 / 1-4-6 / 1-5-3 / 1-5-4 / 1-5-6,1-4-3,的中,1350,13.5
2026-09-26,15:05,多摩川,12,堅い,16:46,1-2-3 / 1-2-4 / 1-2-6 / 1-3-2 / 1-3-4 / 1-3-6 / 1-4-2 / 1-4-3 / 1-4-6,2-1-6,×,12220,
2026-09-26,16:29,若松,6,堅い,17:24,1-2-3 / 1-2-4 / 1-2-5 / 1-3-2 / 1-3-4 / 1-3-5 / 1-4-2 / 1-4-3 / 1-4-5,2-6-5,×,61650,
2026-09-26,17:26,若松,9,堅い,18:58,1-2-3 / 1-2-4 / 1-2-5 / 1-4-2 / 1-4-3 / 1-4-5 / 1-5-2 / 1-5-3 / 1-5-4,1-2-6,×,2770,
2026-09-26,18:22,下関,11,堅い,20:04,1-2-3 / 1-2-4 / 1-2-5 / 1-4-2 / 1-4-3 / 1-4-5 / 1-5-2 / 1-5-3 / 1-5-4,1-2-6,×,8210,
2026-09-27,10:14,常滑,4,中穴,12:02,1-2-3 / 1-2-5 / 1-5-2 / 1-5-3 / 2-1-3 / 2-1-5 / 2-5-1 / 2-5-3,4-6-1,×,83760,
2026-09-27,11:36,びわこ,6,堅い,12:49,1-2-3 / 1-2-4 / 1-2-5 / 1-4-2 / 1-4-3 / 1-4-5 / 1-5-2 / 1-5-3 / 1-5-4,1-5-4,的中,2930,29.3
2026-09-27,12:53,戸田,7,堅い,13:45,1-2-3 / 1-2-4 / 1-2-6 / 1-4-2 / 1-4-3 / 1-4-6 / 1-6-2 / 1-6-3 / 1-6-4,4-1-6,×,3780,
2026-09-27,15:05,下関,3,堅い,16:16,1-2-3 / 1-2-4 / 1-2-6 / 1-3-2 / 1-3-4 / 1-3-6 / 1-6-2 / 1-6-3 / 1-6-4,1-3-6,的中,2250,22.5
2026-09-27,16:04,戸田,12,堅い,16:30,1-2-3 / 1-2-4 / 1-2-5 / 1-3-2 / 1-3-4 / 1-3-5 / 1-5-2 / 1-5-3 / 1-5-4,1-5-2,的中,1460,14.6
2026-09-27,17:31,丸亀,8,堅い,18:26,1-2-3 / 1-2-4 / 1-2-5 / 1-3-2 / 1-3-4 / 1-3-5 / 1-4-2 / 1-4-3 / 1-4-5,1-2-4,的中,400,4.0
2026-09-27,18:36,丸亀,12,堅い,20:30,1-2-3 / 1-2-4 / 1-2-5 / 1-3-2 / 1-3-4 / 1-3-5 / 1-4-2 / 1-4-3 / 1-4-5,1-5-3,×,3970,
2026-09-28,10:14,多摩川,1,中穴,11:07,1-2-3 / 1-2-4 / 1-3-2 / 1-3-4 / 3-1-2 / 3-1-4 / 3-2-1 / 3-2-4,1-3-2,的中,1530,15.3
2026-09-28,11:36,津,5,堅い,12:28,1-2-3 / 1-2-4 / 1-2-5 / 1-3-2 / 1-3-4 / 1-3-5 / 1-4-2 / 1-4-3 / 1-4-5,1-6-3,×,2190,
2026-09-28,12:53,戸田,7,堅い,13:45,1-2-3 / 1-2-4 / 1-2-6 / 1-3-2 / 1-3-4 / 1-3-6 / 1-6-2 / 1-6-3 / 1-6-4,1-3-6,的中,690,6.9
2026-09-28,15:05,江戸川,12,堅い,16:25,1-2-3 / 1-2-4 / 1-2-6 / 1-3-2 / 1-3-4 / 1-3-6 / 1-4-2 / 1-4-3 / 1-4-6,1-3-6,的中,1790,17.9
2026-09-28,15:51,戸田,12,堅い,16:30,1-2-3 / 1-2-5 / 1-2-6 / 1-3-2 / 1-3-5 / 1-3-6 / 1-5-2 / 1-5-3 / 1-5-6,5-3-1,×,3720,
2026-09-28,17:55,丸亀,8,堅い,18:26,1-2-3 / 1-2-4 / 1-2-5 / 1-3-2 / 1-3-4 / 1-3-5 / 1-4-2 / 1-4-3 / 1-4-5,1-6-4,×,5860,
2026-09-28,18:47,大村,7,堅い,20:25,1-2-3 / 1-2-4 / 1-2-5 / 1-4-2 / 1-4-3 / 1-4-5 / 1-5-2 / 1-5-3 / 1-5-4,1-2-4,的中,480,4.8
2026-09-29,10:14,鳴門,7,中穴,11:29,1-2-3 / 1-2-4 / 1-4-2 / 1-4-3 / 2-1-3 / 2-1-4 / 2-4-1 / 2-4-3,5-3-1,×,59270,
2026-09-29,11:36,平和島,5,堅い,12:55,1-2-3 / 1-2-4 / 1-2-5 / 1-3-2 / 1-3-4 / 1-3-5 / 1-4-2 / 1-4-3 / 1-4-5,1-3-4,的中,2080,20.8
2026-09-29,12:53,尼崎,7,堅い,13:38,1-2-3 / 1-2-4 / 1-2-5 / 1-4-2 / 1-4-3 / 1-4-5 / 1-5-2 / 1-5-3 / 1-5-4,1-4-5,的中,980,9.8
2026-09-29,15:05,戸田,12,堅い,16:30,1-2-3 / 1-2-4 / 1-2-6 / 1-3-2 / 1-3-4 / 1-3-6 / 1-6-2 / 1-6-3 / 1-6-4,1-2-5,×,3620,
2026-09-29,15:53,江戸川,12,堅い,16:25,1-2-3 / 1-2-4 / 1-2-5 / 1-3-2 / 1-3-4 / 1-3-5 / 1-5-2 / 1-5-3 / 1-5-4,1-4-3,×,1440,
2026-09-29,17:58,蒲郡,10,堅い,19:39,1-2-3 / 1-2-5 / 1-2-6 / 1-3-2 / 1-3-5 / 1-3-6 / 1-5-2 / 1-5-3 / 1-5-6,1-2-3,的中,1060,10.6
2026-09-29,18:47,蒲郡,11,堅い,20:08,1-2-3 / 1-2-5 / 1-2-6 / 1-3-2 / 1-3-5 / 1-3-6 / 1-5-2 / 1-5-3 / 1-5-6,1-4-5,×,4470,
2026-09-30,10:14,唐津,7,中穴,11:37,1-3-2 / 1-3-5 / 1-5-2 / 1-5-3 / 3-1-2 / 3-1-5 / 3-5-1 / 3-5-2,3-1-5,的中,560,5.6
2026-09-30,11:36,平和島,5,堅い,12:52,1-2-4 / 1-2-5 / 1-2-6 / 1-4-2 / 1-4-5 / 1-4-6 / 1-6-2 / 1-6-4 / 1-6-5,5-2-4,×,55410,
2026-09-30,12:53,戸田,7,堅い,13:45,1-2-3 / 1-2-4 / 1-2-5 / 1-3-2 / 1-3-4 / 1-3-5 / 1-4-2 / 1-4-3 / 1-4-5,1-5-4,×,4330,
2026-09-30,15:05,戸田,12,堅い,16:30,1-2-3 / 1-2-4 / 1-2-6 / 1-3-2 / 1-3-4 / 1-3-6 / 1-4-2 / 1-4-3 / 1-4-6,6-5-4,×,11350,
2026-09-30,16:23,丸亀,7,堅い,17:59,1-2-3 / 1-2-5 / 1-2-6 / 1-5-2 / 1-5-3 / 1-5-6 / 1-6-2 / 1-6-3 / 1-6-5,1-2-6,的中,1310,13.1
2026-09-30,17:57,蒲郡,10,堅い,19:47,1-2-4 / 1-2-5 / 1-2-6 / 1-4-2 / 1-4-5 / 1-4-6 / 1-5-2 / 1-5-4 / 1-5-6,1-4-6,的中,1210,12.1
2026-09-30,18:47,蒲郡,11,堅い,20:15,1-2-3 / 1-2-5 / 1-2-6 / 1-3-2 / 1-3-5 / 1-3-6 / 1-5-2 / 1-5-3 / 1-5-6,2-3-5,×,20300,
2026-10-01,10:14,尼崎,3,中穴,11:33,1-2-3 / 1-2-5 / 1-5-2 / 1-5-3 / 2-1-3 / 2-1-5 / 2-5-1 / 2-5-3,3-5-1,×,6130,
2026-10-01,11:36,津,5,堅い,12:25,1-2-3 / 1-2-4 / 1-2-5 / 1-3-2 / 1-3-4 / 1-3-5 / 1-4-2 / 1-4-3 / 1-4-5,1-2-5,的中,800,8.0
2026-10-01,12:53,福岡,8,堅い,14:45,1-3-2 / 1-3-4 / 1-3-6 / 1-4-2 / 1-4-3 / 1-4-6 / 1-6-2 / 1-6-3 / 1-6-4,3-4-5,×,15640,
2026-10-01,15:05,江戸川,11,堅い,15:53,1-2-3 / 1-2-4 / 1-2-5 / 1-3-2 / 1-3-4 / 1-3-5 / 1-4-2 / 1-4-3 / 1-4-5,1-2-3,的中,620,6.2
2026-10-01,16:10,浜名湖,12,堅い,16:48,1-2-3 / 1-2-4 / 1-2-6 / 1-3-2 / 1-3-4 / 1-3-6 / 1-4-2 / 1-4-3 / 1-4-6,3-1-5,×,9670,
2026-10-01,18:22,丸亀,11,堅い,20:08,1-2-3 / 1-2-4 / 1-2-5 / 1-3-2 / 1-3-4 / 1-3-5 / 1-4-2 / 1-4-3 / 1-4-5,1-3-5,的中,930,9.3
2026-10-02,10:14,徳山,6,中穴,11:07,1-3-4 / 1-3-5 / 1-5-3 / 1-5-4 / 3-1-4 / 3-1-5 / 3-5-1 / 3-5-4,4-3-5,×,4270,
2026-10-02,11:36,浜名湖,4,堅い,12:51,1-2-3 / 1-2-4 / 1-2-6 / 1-3-2 / 1-3-4 / 1-3-6 / 1-4-2 / 1-4-3 / 1-4-6,1-6-3,×,5030,
2026-10-02,12:53,尼崎,9,堅い,14:40,1-2-3 / 1-2-4 / 1-2-6 / 1-3-2 / 1-3-4 / 1-3-6 / 1-6-2 / 1-6-3 / 1-6-4,1-3-6,的中,540,5.4
2026-10-02,15:05,浜名湖,12,堅い,16:48,1-2-3 / 1-2-4 / 1-2-6 / 1-3-2 / 1-3-4 / 1-3-6 / 1-4-2 / 1-4-3 / 1-4-6,1-3-2,的中,880,8.8
2026-10-02,15:59,平和島,12,堅い,16:40,1-2-3 / 1-2-4 / 1-2-6 / 1-3-2 / 1-3-4 / 1-3-6 / 1-4-2 / 1-4-3 / 1-4-6,1-5-6,×,5820,
2026-10-02,17:55,蒲郡,10,堅い,19:42,1-2-3 / 1-2-4 / 1-2-6 / 1-3-2 / 1-3-4 / 1-3-6 / 1-4-2 / 1-4-3 / 1-4-6,1-5-3,×,3240,
2026-10-02,18:47,丸亀,11,堅い,20:08,1-3-2 / 1-3-4 / 1-3-6 / 1-4-2 / 1-4-3 / 1-4-6 / 1-6-2 / 1-6-3 / 1-6-4,1-6-5,×,6530,
2026-10-03,10:14,福岡,3,中穴,12:05,1-2-3 / 1-2-4 / 1-3-2 / 1-3-4 / 3-1-2 / 3-1-4 / 3-2-1 / 3-2-4,3-1-2,的中,780,7.8
2026-10-03,11:36,びわこ,5,堅い,12:22,1-2-3 / 1-2-5 / 1-2-6 / 1-3-2 / 1-3-5 / 1-3-6 / 1-5-2 / 1-5-3 / 1-5-6,1-2-3,的中,520,5.2
2026-10-03,12:53,唐津,11,堅い,13:38,1-2-3 / 1-2-4 / 1-2-6 / 1-3-2 / 1-3-4 / 1-3-6 / 1-4-2 / 1-4-3 / 1-4-6,1-2-6,的中,1520,15.2
2026-10-03,15:05,福岡,12,堅い,16:37,1-2-3 / 1-2-4 / 1-2-6 / 1-3-2 / 1-3-4 / 1-3-6 / 1-4-2 / 1-4-3 / 1-4-6,1-2-3,的中,220,2.2
2026-10-03,16:04,下関,5,堅い,17:19,1-2-3 / 1-2-4 / 1-2-5 / 1-3-2 / 1-3-4 / 1-3-5 / 1-4-2 / 1-4-3 / 1-4-5,1-5-4,×,1430,
2026-10-03,17:31,下関,8,堅い,18:43,1-2-3 / 1-2-4 / 1-2-6 / 1-3-2 / 1-3-4 / 1-3-6 / 1-6-2 / 1-6-3 / 1-6-4,1-2-4,的中,1450,14.5
2026-10-03,18:28,蒲郡,11,堅い,20:07,1-2-3 / 1-2-4 / 1-2-5 / 1-3-2 / 1-3-4 / 1-3-5 / 1-5-2 / 1-5-3 / 1-5-4,1-3-5,的中,1210,12.1
2026-10-04,10:14,福岡,3,中穴,11:52,1-2-3 / 1-2-4 / 1-3-2 / 1-3-4 / 3-1-2 / 3-1-4 / 3-2-1 / 3-2-4,3-4-6,×,7820,
2026-10-04,11:36,三国,6,堅い,13:00,1-3-2 / 1-3-4 / 1-3-6 / 1-4-2 / 1-4-3 / 1-4-6 / 1-6-2 / 1-6-3 / 1-6-4,4-1-5,×,4010,
2026-10-04,12:53,浜名湖,7,堅い,14:06,1-2-3 / 1-2-4 / 1-2-5 / 1-3-2 / 1-3-4 / 1-3-5 / 1-5-2 / 1-5-3 / 1-5-4,1-4-5,×,1220,
2026-10-04,15:05,福岡,11,堅い,16:02,1-2-3 / 1-2-4 / 1-2-5 / 1-3-2 / 1-3-4 / 1-3-5 / 1-5-2 / 1-5-3 / 1-5-4,1-5-2,的中,960,9.6
2026-10-04,16:21,浜名湖,12,堅い,16:48,1-2-3 / 1-2-4 / 1-2-5 / 1-3-2 / 1-3-4 / 1-3-5 / 1-4-2 / 1-4-3 / 1-4-5,2-4-1,×,3840,
2026-10-04,17:42,住之江,9,堅い,18:54,1-2-3 / 1-2-4 / 1-2-6 / 1-3-2 / 1-3-4 / 1-3-6 / 1-4-2 / 1-4-3 / 1-4-6,1-3-2,的中,660,6.6
2026-10-04,18:31,蒲郡,9,堅い,19:04,1-2-3 / 1-2-4 / 1-2-5 / 1-4-2 / 1-4-3 / 1-4-5 / 1-5-2 / 1-5-3 / 1-5-4,1-2-3,的中,1970,19.7
2026-10-05,10:14,尼崎,3,中穴,11:39,1-2-3 / 1-2-4 / 1-4-2 / 1-4-3 / 2-1-3 / 2-1-4 / 2-4-1 / 2-4-3,1-2-4,的中,700,7.0
2026-10-05,11:36,尼崎,4,堅い,12:07,1-2-3 / 1-2-4 / 1-2-6 / 1-3-2 / 1-3-4 / 1-3-6 / 1-4-2 / 1-4-3 / 1-4-6,1-4-2,的中,510,5.1
2026-10-05,12:53,戸田,7,堅い,13:52,1-2-3 / 1-2-4 / 1-2-6 / 1-3-2 / 1-3-4 / 1-3-6 / 1-4-2 / 1-4-3 / 1-4-6,4-1-6,×,1640,
2026-10-05,15:05,尼崎,11,堅い,15:54,1-2-3 / 1-2-4 / 1-2-6 / 1-3-2 / 1-3-4 / 1-3-6 / 1-4-2 / 1-4-3 / 1-4-6,1-2-6,的中,930,9.3
2026-10-05,16:01,戸田,12,堅い,16:30,1-3-4 / 1-3-5 / 1-3-6 / 1-5-3 / 1-5-4 / 1-5-6 / 1-6-3 / 1-6-4 / 1-6-5,1-3-4,的中,450,4.5
2026-10-05,18:33,住之江,11,堅い,20:06,1-2-3 / 1-2-5 / 1-2-6 / 1-3-2 / 1-3-5 / 1-3-6 / 1-5-2 / 1-5-3 / 1-5-6,1-5-3,的中,2540,25.4
2026-10-06,10:14,鳴門,6,中穴,10:55,1-2-4 / 1-2-6 / 1-4-2 / 1-4-6 / 2-1-4 / 2-1-6 / 2-4-1 / 2-4-6,3-2-4,×,6860,
2026-10-06,11:36,福岡,5,堅い,12:55,1-2-3 / 1-2-4 / 1-2-6 / 1-3-2 / 1-3-4 / 1-3-6 / 1-4-2 / 1-4-3 / 1-4-6,1-2-6,的中,750,7.5
2026-10-06,12:53,常滑,10,堅い,14:45,1-2-3 / 1-2-4 / 1-2-6 / 1-3-2 / 1-3-4 / 1-3-6 / 1-4-2 / 1-4-3 / 1-4-6,1-3-2,的中,1220,12.2
2026-10-06,15:05,多摩川,12,堅い,16:28,1-2-3 / 1-2-4 / 1-2-6 / 1-4-2 / 1-4-3 / 1-4-6 / 1-6-2 / 1-6-3 / 1-6-4,1-2-6,的中,1080,10.8
2026-10-06,16:29,住之江,6,堅い,17:27,1-2-3 / 1-2-4 / 1-2-5 / 1-3-2 / 1-3-4 / 1-3-5 / 1-5-2 / 1-5-3 / 1-5-4,1-3-6,×,3720,
2026-10-06,18:20,大村,11,堅い,20:10,1-2-3 / 1-2-4 / 1-2-5 / 1-3-2 / 1-3-4 / 1-3-5 / 1-4-2 / 1-4-3 / 1-4-5,1-2-3,的中,570,5.7
2026-10-07,10:14,多摩川,4,中穴,12:12,1-3-2 / 1-3-4 / 1-4-2 / 1-4-3 / 4-1-2 / 4-1-3 / 4-3-1 / 4-3-2,1-4-3,的中,1090,10.9
2026-10-07,11:36,常滑,6,堅い,12:51,1-3-2 / 1-3-4 / 1-3-5 / 1-4-2 / 1-4-3 / 1-4-5 / 1-5-2 / 1-5-3 / 1-5-4,4-1-5,×,5500,
2026-10-07,12:53,徳山,12,堅い,14:29,1-2-3 / 1-2-4 / 1-2-5 / 1-3-2 / 1-3-4 / 1-3-5 / 1-4-2 / 1-4-3 / 1-4-5,1-3-4,的中,1050,10.5
2026-10-07,15:05,多摩川,12,堅い,16:28,1-2-3 / 1-2-4 / 1-2-5 / 1-3-2 / 1-3-4 / 1-3-5 / 1-4-2 / 1-4-3 / 1-4-5,,,,
